Video ID,Date,Channel ID,Title
8qWIY3utLd4,2020-06-18,UC7c3Kb6jYCRj4JOHHZTxKsQ,Next.js - Open Source Friday
WK-UFw0ZOIw,2020-06-18,UC7c3Kb6jYCRj4JOHHZTxKsQ,Open Source Friday - How to contribute to Next.js
NuonD5G28L8,2020-05-08,UC7c3Kb6jYCRj4JOHHZTxKsQ,Closing remarks - GitHub Satellite 2020
pYzfGaLTqC0,2020-05-08,UC7c3Kb6jYCRj4JOHHZTxKsQ,Finding security vulnerabilities in JavaScript with CodeQL - GitHub Satellite 2020
nvCd0Ee4FgE,2020-05-08,UC7c3Kb6jYCRj4JOHHZTxKsQ,Finding security vulnerabilities in Java with CodeQL - GitHub Satellite 2020
PYsZeFTdJ50,2020-05-08,UC7c3Kb6jYCRj4JOHHZTxKsQ,Continuous delivery with GitHub Actions - GitHub Satellite 2020
cyh8DU2QPzg,2020-05-08,UC7c3Kb6jYCRj4JOHHZTxKsQ,Continuous integration with GitHub Actions - GitHub Satellite 2020
wcxOJq9YemE,2020-05-08,UC7c3Kb6jYCRj4JOHHZTxKsQ,Building GitHub integrations with webhooks and REST- GitHub Satellite 2020
l3g41dGObJ4,2020-05-08,UC7c3Kb6jYCRj4JOHHZTxKsQ,Building automations with GitHub Apps and GraphQL - GitHub Satellite 2020
ECdxifljjE4,2020-05-08,UC7c3Kb6jYCRj4JOHHZTxKsQ,ART MACHINES: fostering digital creativity through live coding and ML - GitHub Satellite 2020
dy2eYaNxaQc,2020-05-07,UC7c3Kb6jYCRj4JOHHZTxKsQ,How to get from idea to contribution in minutes - GitHub Satellite 2020
U8NpT_myO9A,2020-05-08,UC7c3Kb6jYCRj4JOHHZTxKsQ,Algorithmic Positivity Symphony - GitHub Satellite 2020
5LlTto6NIFA,2020-05-08,UC7c3Kb6jYCRj4JOHHZTxKsQ,The Weird Algorithm - GitHub Satellite 2020
UKVNmHCxwk4,2020-05-08,UC7c3Kb6jYCRj4JOHHZTxKsQ,Building a Fantasy Game Console - GitHub Satellite 2020
sRLWIAPaiRI,2020-05-08,UC7c3Kb6jYCRj4JOHHZTxKsQ,Creative Coding in p5.js - GitHub Satellite 2020
Qyoz5p6WZUg,2020-05-08,UC7c3Kb6jYCRj4JOHHZTxKsQ,Frontiers of neural arts - GitHub Satellite 2020
0OHzS5lOlpo,2020-05-08,UC7c3Kb6jYCRj4JOHHZTxKsQ,Creative Machine Learning with RunwayML - GitHub Satellite 2020
QD_frigh5ak,2020-05-08,UC7c3Kb6jYCRj4JOHHZTxKsQ,Livecoded Compositions - GitHub Satellite 2020
-8YgwVJQlYw,2020-05-08,UC7c3Kb6jYCRj4JOHHZTxKsQ,Coding Augmented Reality Live - GitHub Satellite 2020
-_9TliNB8k0,2020-05-08,UC7c3Kb6jYCRj4JOHHZTxKsQ,Lockdown Algorave - GitHub Satellite 2020
nQRRVR3Usag,2020-05-08,UC7c3Kb6jYCRj4JOHHZTxKsQ,HIPERSONICA - GitHub Satellite 2020
6ADAoz34KHU,2020-05-08,UC7c3Kb6jYCRj4JOHHZTxKsQ,Hiperfragmentación - GitHub Satellite 2020
7AYAKxLi7Mw,2020-05-08,UC7c3Kb6jYCRj4JOHHZTxKsQ,Ponicode AI Rap Battle - GitHub Satellite 2020
dJbMImgvnKU,2020-05-08,UC7c3Kb6jYCRj4JOHHZTxKsQ,Sam Aaron - GitHub Satellite 2020
T6sW1Dk9B4E,2020-05-07,UC7c3Kb6jYCRj4JOHHZTxKsQ,What every GitHub user should know about VS Code - GitHub Satellite 2020
7P9JDf4Lc0Y,2020-05-07,UC7c3Kb6jYCRj4JOHHZTxKsQ,Using GitHub Actions and HashiCorp Terraform - GitHub Satellite 2020
FOLCaZ9CbzA,2020-05-07,UC7c3Kb6jYCRj4JOHHZTxKsQ,Putting GitHub at your fingertips - GitHub Satellite 2020
0SAtaNjdViI,2020-05-07,UC7c3Kb6jYCRj4JOHHZTxKsQ,A lap around GitHub One - GitHub Satellite 2020
rOaShvTmZFk,2020-05-07,UC7c3Kb6jYCRj4JOHHZTxKsQ,Accelerating cloud native deployment with GitHub Actions and AWS - GitHub Satellite 2020
UVV26xOgdP0,2020-05-07,UC7c3Kb6jYCRj4JOHHZTxKsQ,Building Stripe’s remote hub: scaling distributed teams - GitHub Satellite 2020
-2UgL63_yB4,2020-05-07,UC7c3Kb6jYCRj4JOHHZTxKsQ,Ship it with GitHub Actions and GitHub Packages - GitHub Satellite 2020
fZKQI-ER6xw,2020-05-07,UC7c3Kb6jYCRj4JOHHZTxKsQ,Defenders guide to cloud native infrastructure security - GitHub Satellite 2020
SsP8UEF8uRM,2020-05-07,UC7c3Kb6jYCRj4JOHHZTxKsQ,Open source for good: COVID-19 Responses - GitHub Satellite 2020
GtLZp6DbcE4,2020-05-07,UC7c3Kb6jYCRj4JOHHZTxKsQ,"Dependency hell - Or, Developers' perception of software dependencies - GitHub Satellite 2020"
468tirG434E,2020-05-07,UC7c3Kb6jYCRj4JOHHZTxKsQ,The JavaScript coders guide to getting more from GitHub and NPM - GitHub Satellite 2020
kCo0OJZHRX8,2020-05-07,UC7c3Kb6jYCRj4JOHHZTxKsQ,Credential mitigation in large-scale organizations - GitHub Satellite 2020
ZLQzMSItzcU,2020-05-07,UC7c3Kb6jYCRj4JOHHZTxKsQ,Save precious time with GitHub Actions - GitHub Satellite 2020
58N0_0HCDPE,2020-05-07,UC7c3Kb6jYCRj4JOHHZTxKsQ,Stopping vulnerabilities at the source - GitHub Satellite 2020
L618Pp0n7us,2020-05-07,UC7c3Kb6jYCRj4JOHHZTxKsQ,Opening Keynote - GitHub Satellite 2020
TwA6zBw8SJ8,2020-05-07,UC7c3Kb6jYCRj4JOHHZTxKsQ,Taking collaboration beyond the code in GitHub - GitHub Satellite 2020
XwKTUji5HtY,2020-05-07,UC7c3Kb6jYCRj4JOHHZTxKsQ,Securing the software supply chain together - GitHub Satellite 2020
Y_mjvrX7u-w,2020-05-07,UC7c3Kb6jYCRj4JOHHZTxKsQ,Why innersource is a critical component of FOSS sustainability - GitHub Satellite 2020
TG_L1x5bM5M,2020-05-07,UC7c3Kb6jYCRj4JOHHZTxKsQ,Top 10 tips for project maintainers - GitHub Satellite 2020
EcmqlVjZXNw,2020-05-07,UC7c3Kb6jYCRj4JOHHZTxKsQ,Fast & Security - GitHub Satellite 2020
lP-VUmkbq0w,2020-05-07,UC7c3Kb6jYCRj4JOHHZTxKsQ,Catch bugs & vulnerabilities with the SonarCloud Action  - GitHub Satellite 2020
TGjVVpGLOGw,2020-05-07,UC7c3Kb6jYCRj4JOHHZTxKsQ,Saved replies for better and faster communication - GitHub Satellite 2020
cjzGxDEFcu8,2020-05-07,UC7c3Kb6jYCRj4JOHHZTxKsQ,Taking issues from good to great with a label style guide - GitHub Satellite 2020
hkEMANziAvA,2020-05-07,UC7c3Kb6jYCRj4JOHHZTxKsQ,Training ML models directly from GitHub - GitHub Satellite 2020
07FfdeekVqI,2020-05-07,UC7c3Kb6jYCRj4JOHHZTxKsQ,"Code risk, compliance and security action for PRs on Node.js - GitHub Satellite 2020"
PqA5Cnf7T4w,2020-05-07,UC7c3Kb6jYCRj4JOHHZTxKsQ,Avoid Git-blame with suspect commits - GitHub Satellite 2020
afkI-8jA1GU,2020-05-07,UC7c3Kb6jYCRj4JOHHZTxKsQ,DevOps tips for GitHub apps: tweaks for staging apps - GitHub Satellite 2020
edhL-XL0oOI,2020-05-07,UC7c3Kb6jYCRj4JOHHZTxKsQ,Cloud security best practices with CloudFormation and GitHub Actions - GitHub Satellite 2020
uNX3Rty_QzA,2020-05-07,UC7c3Kb6jYCRj4JOHHZTxKsQ,Implementing terraform security best practices using Github Actions - GitHub Satellite 2020
-xrFNFby7hc,2020-05-07,UC7c3Kb6jYCRj4JOHHZTxKsQ,Async workflows with repository dispatch - GitHub Satellite 2020
qdgnRct0_nw,2020-05-07,UC7c3Kb6jYCRj4JOHHZTxKsQ,GitHub Satellite Virtual 2020 - Play
FhZTPM9ysWk,2020-05-07,UC7c3Kb6jYCRj4JOHHZTxKsQ,GitHub Satellite Virtual 2020 - Work
hP9pE-OKwSA,2020-04-30,UC7c3Kb6jYCRj4JOHHZTxKsQ,Neil Matatall: Managing content security policy and samesite cookies
aY5pIuxRixs,2020-04-30,UC7c3Kb6jYCRj4JOHHZTxKsQ,Alyssa Miller: DevSecOps compatible threat modeling
a1qrjtrmOj0,2020-04-30,UC7c3Kb6jYCRj4JOHHZTxKsQ,Stefan Edwards and Robert Tonic: Go-ing for an evening stroll
Eos48e0vSXM,2020-04-30,UC7c3Kb6jYCRj4JOHHZTxKsQ,Andrea Brancaleoni - InQL: GraphQL Security Testing Made Easy
AefLSAhXtBY,2020-01-25,UC7c3Kb6jYCRj4JOHHZTxKsQ,"Github Security Meetup  Jan 22, 2020 - San Francisco"
zDNDTCG8Oko,2020-01-15,UC7c3Kb6jYCRj4JOHHZTxKsQ,GitHub Game Off 2019 Highlights
0ahRkhrOePo,2019-12-14,UC7c3Kb6jYCRj4JOHHZTxKsQ,Advanced GitHub Actions: workflows for production grade CI/CD - GitHub Universe 2019
BctzNj1RcPU,2019-12-17,UC7c3Kb6jYCRj4JOHHZTxKsQ,Changing work culture through documentation - GitHub Universe 2019
oFjffeGcbV4,2019-12-17,UC7c3Kb6jYCRj4JOHHZTxKsQ,Driving ethical change for AI across your organization - GitHub Universe 2019
GayKuDpi97o,2019-12-17,UC7c3Kb6jYCRj4JOHHZTxKsQ,Don't be a robot: Automating workflows at scale - GitHub Universe 2019
CFvwIX-gjSI,2019-12-09,UC7c3Kb6jYCRj4JOHHZTxKsQ,Panel: Open source in Africa - GitHub Universe 2019
D0p572DrNfI,2019-12-17,UC7c3Kb6jYCRj4JOHHZTxKsQ,Building an open source community from the ground up - GitHub Universe 2019
GCLgdOiPA6o,2019-12-17,UC7c3Kb6jYCRj4JOHHZTxKsQ,The city guide to open source - GitHub Universe 2019
iCOmzYEGavo,2019-12-16,UC7c3Kb6jYCRj4JOHHZTxKsQ,Deep dive into GitHub's newest features - GitHub Universe 2019
YoWkuFzEYFs,2019-12-16,UC7c3Kb6jYCRj4JOHHZTxKsQ,A data-driven look at practices behind exemplar open source projects - GitHub Universe 2019
04TTRJArpVw,2019-12-16,UC7c3Kb6jYCRj4JOHHZTxKsQ,Ship happens: shipping pull requests at scale with the merge queue - GitHub Universe 2019
Ll50l3fsoYs,2019-12-16,UC7c3Kb6jYCRj4JOHHZTxKsQ,Machine learning operations with GitHub Actions and Kubernetes - GitHub Universe 2019
i5pIszu9MeM,2019-12-16,UC7c3Kb6jYCRj4JOHHZTxKsQ,Advanced patterns for GitHub's GraphQL API
tg_iTZKhpeA,2019-12-16,UC7c3Kb6jYCRj4JOHHZTxKsQ,Panel: Women in open source - GitHub Universe 2019
-pyqoLI4yfU,2019-12-16,UC7c3Kb6jYCRj4JOHHZTxKsQ,Social sector and open source - GitHub Universe 2019
oYDgVKPRmAs,2019-12-14,UC7c3Kb6jYCRj4JOHHZTxKsQ,GitHub Archive Program Partner Panel - GitHub Universe 2019
bZwlD6rh3FA,2019-12-15,UC7c3Kb6jYCRj4JOHHZTxKsQ,Secure container development workflows with Anchore and GitHub Actions- GitHub Universe 2019
4hBtFYNnBfg,2019-12-09,UC7c3Kb6jYCRj4JOHHZTxKsQ,State of the Octoverse - GitHub Universe 2019
lf742-K_dAY,2019-12-15,UC7c3Kb6jYCRj4JOHHZTxKsQ,Panel: Embracing open source in risk-averse organizations - GitHub Universe 2019
R9JvD7hzJBg,2019-12-15,UC7c3Kb6jYCRj4JOHHZTxKsQ,Applying the GitHub security development lifecycle to your project - GitHub Universe 2019
DDaJHR0DngE,2019-12-15,UC7c3Kb6jYCRj4JOHHZTxKsQ,Source code consolidation at Expedia Group - GitHub Universe 2019
sBvEPKdA540,2019-12-15,UC7c3Kb6jYCRj4JOHHZTxKsQ,What does it take to transform a federal agency to a product-focused enterprise? -GitHub Universe 19
JjWptlLRX4A,2019-12-15,UC7c3Kb6jYCRj4JOHHZTxKsQ,"Going global: Challenges, considerations, and tips - GitHub Universe 2019"
yN2etNsLUfw,2019-12-15,UC7c3Kb6jYCRj4JOHHZTxKsQ,How visualization helps developers - GitHub Universe 2019
MI-bZ-z1X7o,2019-12-14,UC7c3Kb6jYCRj4JOHHZTxKsQ,The modern mainframe: GitHub for social coding and mainframe app development - GitHub Universe 2019
KlO5Ksk7baQ,2019-12-14,UC7c3Kb6jYCRj4JOHHZTxKsQ,Building and deploying modern websites and apps - GitHub Universe 2019
4wbxxzDp98c,2019-12-14,UC7c3Kb6jYCRj4JOHHZTxKsQ,Insights into GitHub Enterprise: How IBM tracks social coding - GitHub Universe 2019
ihul33Y7DUk,2019-12-14,UC7c3Kb6jYCRj4JOHHZTxKsQ,Agility and security: Navigating the enterprise balancing act - GitHub Universe 2019
5bvafq4zSUo,2019-12-14,UC7c3Kb6jYCRj4JOHHZTxKsQ,Actions Packaged: Using GitHub Actions and GitHub Package Registry - GitHub Universe 2019
EOy7-lhPV5g,2019-12-14,UC7c3Kb6jYCRj4JOHHZTxKsQ,The code behind cars: How GitHub turned Ford into a software company - GitHub Universe 2019
cRJZldsHS3c,2019-12-14,UC7c3Kb6jYCRj4JOHHZTxKsQ,The elusive quest to measure developer productivity - GitHub Universe 2019
Y6NoxXD3Js4,2019-12-14,UC7c3Kb6jYCRj4JOHHZTxKsQ,Taking GitHub to go - GitHub Universe 2019
7TuUkhJ4wG0,2019-11-15,UC7c3Kb6jYCRj4JOHHZTxKsQ,Day 1 Keynote Highlights - GitHub Universe 2019
9i-nvqPe5Rs,2019-11-14,UC7c3Kb6jYCRj4JOHHZTxKsQ,GitHub for Mobile - GitHub Universe 2019
afcqKcs1zMo,2019-11-15,UC7c3Kb6jYCRj4JOHHZTxKsQ,Improve your daily experience - GitHub Universe 2019
1sQ-m-NHidw,2019-11-15,UC7c3Kb6jYCRj4JOHHZTxKsQ,Supporting the Community - GitHub Universe 2019
fRqaN9Nhwjs,2019-11-15,UC7c3Kb6jYCRj4JOHHZTxKsQ,From code to cloud - GitHub Universe 2019
jImkk1BxGa4,2019-11-15,UC7c3Kb6jYCRj4JOHHZTxKsQ,The state of Open Source - GItHub Universe 2019
fzI9FNjXQ0o,2019-11-13,UC7c3Kb6jYCRj4JOHHZTxKsQ,GitHub Arctic Code Vault
VnaK_ONmtC4,2019-11-15,UC7c3Kb6jYCRj4JOHHZTxKsQ,Day 2 Keynote - GitHub Universe 2019
9EoNqyxtSRM,2019-11-13,UC7c3Kb6jYCRj4JOHHZTxKsQ,Day 1 Keynote - GitHub Universe 2019
e_zhHQXTwVo,2019-11-04,UC7c3Kb6jYCRj4JOHHZTxKsQ,Celebrating the developers of GitHub Sponsors
wXeI_019MDo,2019-10-17,UC7c3Kb6jYCRj4JOHHZTxKsQ,ENGIE Digital : Accelerating with innersource
STWzZsg973o,2019-09-24,UC7c3Kb6jYCRj4JOHHZTxKsQ,Bring innovation to work with GitHub Enterprise
ekHXeRUldE0,2019-09-18,UC7c3Kb6jYCRj4JOHHZTxKsQ,Spotlight on secure software development - Live from GitHub HQ
E1OunoCyuhY,2019-08-08,UC7c3Kb6jYCRj4JOHHZTxKsQ,GitHub Actions - Now with built-in CI/CD! Live from GitHub HQ
gQJIOZ8_Hug,2019-07-01,UC7c3Kb6jYCRj4JOHHZTxKsQ,GitHub Satellite 2019 Highlights
RtZdbZiPeK8,2019-06-17,UC7c3Kb6jYCRj4JOHHZTxKsQ,Pull Panda joins GitHub!
tHpPg1J55PQ,2019-05-30,UC7c3Kb6jYCRj4JOHHZTxKsQ,Keynote Highlights - GitHub Satellite 2019
_RQBNCOU0RM,2019-05-29,UC7c3Kb6jYCRj4JOHHZTxKsQ,In the Shadow of the Black Hole - GitHub Satellite 2019
bPsvHe-F9SA,2019-05-31,UC7c3Kb6jYCRj4JOHHZTxKsQ,Open source in the enterprise - GitHub Satellite 2019
nhA2FcCqQVE,2019-05-31,UC7c3Kb6jYCRj4JOHHZTxKsQ,Open source for good: the people and projects driving change - GitHub Satellite 2019
O9ZSoralu0E,2019-05-31,UC7c3Kb6jYCRj4JOHHZTxKsQ,Tribes at ENGIE Digital: when shiny tools don't make it all - GitHub Satellite 2019
16gRNL8kCwA,2019-05-30,UC7c3Kb6jYCRj4JOHHZTxKsQ,Innersource: open source collaboration patterns beyond public FOSS projects - GitHub Satellite 2019
2psQDViMGlc,2019-05-30,UC7c3Kb6jYCRj4JOHHZTxKsQ,GitHub as a self-sustaining product for large-scale environments - GitHub Satellite 2019
bFNqaoHSUIQ,2019-05-30,UC7c3Kb6jYCRj4JOHHZTxKsQ,Maintaining the maintainers: supporting open source tools - GitHub Satellite 2019
8IM85gmpVVQ,2019-05-29,UC7c3Kb6jYCRj4JOHHZTxKsQ,Continuous deployment at Skyscanner - GitHub Satellite 2019
Kg3k_K65J5o,2019-05-29,UC7c3Kb6jYCRj4JOHHZTxKsQ,Intersource is GitHub culture and open source principles - GitHub Satellite 2019
E5GDI__r_Is,2019-05-25,UC7c3Kb6jYCRj4JOHHZTxKsQ,The interconnected community - GitHub Satellite 2019
e01LOzSqDCI,2019-05-25,UC7c3Kb6jYCRj4JOHHZTxKsQ,New ways to keep your code secure - GitHub Satellite 2019
P2Goi3QRMmo,2019-05-25,UC7c3Kb6jYCRj4JOHHZTxKsQ,Build like an open source community with GitHub Enterprise - GitHub Satellite 2019
FYkBA9epUEk,2019-05-25,UC7c3Kb6jYCRj4JOHHZTxKsQ,A new way to contribute to open source - GitHub Satellite 2019
4LDgzgfX0Us,2019-05-25,UC7c3Kb6jYCRj4JOHHZTxKsQ,Continuous Integration and Deployment: Five Lessons Learned - GitHub Satellite 2019
HpqM7kL_ACY,2019-05-27,UC7c3Kb6jYCRj4JOHHZTxKsQ,Open source security: who’s responsible? - GitHub Satellite 2019
OVizrLvi77U,2019-05-27,UC7c3Kb6jYCRj4JOHHZTxKsQ,"Software security, trust, and public policy - GitHub Satellite 2019"
zxwJOnkxJLA,2019-05-25,UC7c3Kb6jYCRj4JOHHZTxKsQ,Running GitHub Enterprise at scale in your organization - GitHub Satellite 2019
n47rCa9dxf8,2019-05-25,UC7c3Kb6jYCRj4JOHHZTxKsQ,There and back again: Through the realms of open source software - GitHub Satellite 2019
T9QCKPoaQJ0,2019-05-25,UC7c3Kb6jYCRj4JOHHZTxKsQ,Open source security: advisories and workflows to keep open source secure - GitHub Satellite 2019
sGC2rwOiaWc,2019-05-25,UC7c3Kb6jYCRj4JOHHZTxKsQ,Keynote - GitHub Satellite 2019
U2eWLb-LD44,2019-05-23,UC7c3Kb6jYCRj4JOHHZTxKsQ,Open source: an interconnected community
N_-Cu9_2YAA,2019-05-10,UC7c3Kb6jYCRj4JOHHZTxKsQ,Introducing GitHub Package Registry
okcIiY_wjoA,2019-04-27,UC7c3Kb6jYCRj4JOHHZTxKsQ,Game On—what was it like to make games during the 80's?
f_G1vwynxTg,2019-03-14,UC7c3Kb6jYCRj4JOHHZTxKsQ,"Gitbase, SQL interface to Git repositories - Git Merge 2019"
Gna85Tk4JOw,2019-03-11,UC7c3Kb6jYCRj4JOHHZTxKsQ,The future of free software - Git Merge 2019
wfKXJNbAcQ8,2019-03-14,UC7c3Kb6jYCRj4JOHHZTxKsQ,Tales in scalability: how Google has seen users break Git - Git Merge 2019
J_RekbDzWrE,2019-03-14,UC7c3Kb6jYCRj4JOHHZTxKsQ,"The what, how and why of scaling repositories - Git Merge 2019"
qHERDFUSa14,2019-03-14,UC7c3Kb6jYCRj4JOHHZTxKsQ,Bridging the gap: transitioning Git to SHA-256 - Git Merge 2019
8soFbJkbdFQ,2019-03-13,UC7c3Kb6jYCRj4JOHHZTxKsQ,Git protocols: still tinkering after all these years? - Git Merge 2019
0sRHRMp-Bpc,2019-03-13,UC7c3Kb6jYCRj4JOHHZTxKsQ,Native Git support for large objects - Git Merge 2019
K3zOhU3NdWA,2019-03-13,UC7c3Kb6jYCRj4JOHHZTxKsQ,Git for games: current problems and solutions - Git Merge 2019
SmLpJEZyvI0,2019-03-13,UC7c3Kb6jYCRj4JOHHZTxKsQ,Version control for law: Posey Rule in the U.S. Congress - Git Merge 2019
4S3h5L21KlA,2019-03-12,UC7c3Kb6jYCRj4JOHHZTxKsQ,The art of patience: why you should bother teaching Git to designers - Git Merge 2019
5-JMOTy_9OE,2019-03-12,UC7c3Kb6jYCRj4JOHHZTxKsQ,"Git, the annotated notepad - Git Merge 2019"
lj0F2Usb9ao,2019-03-12,UC7c3Kb6jYCRj4JOHHZTxKsQ,Version control for visual learners - Git Merge 2019
SzEBzQrwxFk,2019-03-12,UC7c3Kb6jYCRj4JOHHZTxKsQ,Git & version control in the enterprise - Git Merge 2019
vat97a8C0o0,2019-03-11,UC7c3Kb6jYCRj4JOHHZTxKsQ,Technical contributions towards scaling for Windows - Git Merge 2019
NPE7rA5887c,2019-03-11,UC7c3Kb6jYCRj4JOHHZTxKsQ,How a Git based education cultivates more resilient developers - Git Merge 2019
vTZn5KaZo8w,2018-12-24,UC7c3Kb6jYCRj4JOHHZTxKsQ,GitHub Game Off 2018 Highlights
v16uzPYho4g,2018-12-13,UC7c3Kb6jYCRj4JOHHZTxKsQ,The Future of Software Intelligence: a Fireside Chat
9qBOY2pawAE,2018-10-31,UC7c3Kb6jYCRj4JOHHZTxKsQ,"Opening Keynote Highlight - Spencer Kaiser, American Airlines - GitHub Universe 2018"
6gh9CcC_i5c,2018-11-10,UC7c3Kb6jYCRj4JOHHZTxKsQ,Observability pre-release: Using Prometheus to test and fix new software - GitHub Universe 2018
rRWgVFPk7fY,2018-11-10,UC7c3Kb6jYCRj4JOHHZTxKsQ,Migrating from Gerrit to GitHub Enterprise - GitHub Universe 2018
47VOcGGm6aU,2018-11-09,UC7c3Kb6jYCRj4JOHHZTxKsQ,From Monorail to Monorepo: Airbnb's journey into microservices - GitHub Universe 2018
_E3f6v7zHP8,2018-11-09,UC7c3Kb6jYCRj4JOHHZTxKsQ,Is your engineering team high-performing? - GitHub Universe 2018
V4yF9rza14s,2018-11-08,UC7c3Kb6jYCRj4JOHHZTxKsQ,From side project to profitable business on GitHub Marketplace - GitHub Universe 2018
NFL9TLHHmDA,2018-10-24,UC7c3Kb6jYCRj4JOHHZTxKsQ,State of the Octoverse - GitHub Universe 2018
zCNu2tit9MA,2018-11-10,UC7c3Kb6jYCRj4JOHHZTxKsQ,Ship-It – Build & deploy your open source projects with Azure Pipelines - GitHub Universe 2018
tD7n1vKdxcQ,2018-11-09,UC7c3Kb6jYCRj4JOHHZTxKsQ,Collaborating across the stack with GitHub and GraphQL - GitHub Universe 2018 - GitHub Universe 2018
L19lgbIPQZs,2018-11-10,UC7c3Kb6jYCRj4JOHHZTxKsQ,Innersource and the power of automation at Eli Lilly - GitHub Universe 2018
dqxaYiVqJFg,2018-11-09,UC7c3Kb6jYCRj4JOHHZTxKsQ,Building an agile AI research-to-production experience - GitHub Universe 2018
GXgfPzpbQ0o,2018-11-08,UC7c3Kb6jYCRj4JOHHZTxKsQ,Cross-company collaboration: Extending GitHub to a new IDE - GitHub Universe 2018
PqztZQkpq8Y,2018-11-10,UC7c3Kb6jYCRj4JOHHZTxKsQ,Developing software engineers to catalyze the world’s tech ecosystems - GitHub Universe 2018
1wdTw_mukEU,2018-11-10,UC7c3Kb6jYCRj4JOHHZTxKsQ,Let me entertain you: How theater can influence developer communities - GitHub Universe 2018
xe0NWI9kImE,2018-11-09,UC7c3Kb6jYCRj4JOHHZTxKsQ,Developer stories: Addressing Social problems with code - GitHub Universe 2018
SaWy2IDC88I,2018-11-09,UC7c3Kb6jYCRj4JOHHZTxKsQ,The keys to open source success for enterprise teams - GitHub Universe 2018
fk18IGJPGbU,2018-11-08,UC7c3Kb6jYCRj4JOHHZTxKsQ,A journey into open development with Lloyds - GitHub Universe 2018 - GitHub Universe 2018
M72wlFr6INY,2018-11-08,UC7c3Kb6jYCRj4JOHHZTxKsQ,Deep dive into GitHub’s newest features - GitHub Universe 2018
YmdqxzX6KAc,2018-11-07,UC7c3Kb6jYCRj4JOHHZTxKsQ,Infrastructure as product: Building GitHub's future - GitHub Universe 2018
aYctKwffLXc,2018-11-06,UC7c3Kb6jYCRj4JOHHZTxKsQ,Baking security into GitHub workflows without slowing you down - GitHub Universe 2018
mXCDObNkScM,2018-11-06,UC7c3Kb6jYCRj4JOHHZTxKsQ,Leveling up WebAssembly itself: Going from MVP to brave new world - GitHub Universe 2018
8VsbNHOPQbI,2018-11-08,UC7c3Kb6jYCRj4JOHHZTxKsQ,Seven things you won't believe Atom can do - GitHub Universe 2018
Cnx8sY6B8zQ,2018-11-07,UC7c3Kb6jYCRj4JOHHZTxKsQ,GitHub Learning Lab: Teaching robots to teach - GitHub Universe 2018
aQQN5Tn66BA,2018-11-07,UC7c3Kb6jYCRj4JOHHZTxKsQ,"Fiona Tan, SVP Walmart Labs, on why the future needs more women who code - GitHub Universe 2018"
_yPml1iTbmM,2018-11-06,UC7c3Kb6jYCRj4JOHHZTxKsQ,Connecting your software lifecycle with GitHub’s platform - GitHub Universe 2018
Ei0no8s84EM,2018-11-06,UC7c3Kb6jYCRj4JOHHZTxKsQ,Integrating continuous integration and deployment with GitHub’s API - GitHub Universe 2018
-lqwIjvWdyA,2018-11-08,UC7c3Kb6jYCRj4JOHHZTxKsQ,From millions of OAuth tokens to GitHub Apps - GitHub Universe 2018
90JWZnuf7xQ,2018-11-07,UC7c3Kb6jYCRj4JOHHZTxKsQ,API mashup: Combining APIs using GraphQL schema stitching - GitHub Universe 2018
p8nrtIvSxt4,2018-11-07,UC7c3Kb6jYCRj4JOHHZTxKsQ,Code you can hold: Making your first IoT wearable - GitHub Universe 2018
oOqPM-UAnYU,2018-11-06,UC7c3Kb6jYCRj4JOHHZTxKsQ,GitHub Enterprise at scale: Behind the scenes at Salesforce.com - GitHub Universe 2018
fD41AwgC_xM,2018-11-06,UC7c3Kb6jYCRj4JOHHZTxKsQ,Moving from mono to multi: How Continental manages a distributed code base - GitHub Universe 2018
FhQNvJuSl3k,2018-10-24,UC7c3Kb6jYCRj4JOHHZTxKsQ,Open source for good: The people and projects driving change - GitHub Universe 2018
HpxH7mu-bgA,2018-10-24,UC7c3Kb6jYCRj4JOHHZTxKsQ,Built to grow: How the world's largest company creates a codebase that scales - GitHub Universe 2018
iMiydtB2vEU,2018-10-24,UC7c3Kb6jYCRj4JOHHZTxKsQ,Day 2 Keynote - GitHub Universe 2018
vB5nTx5fUXM,2018-10-24,UC7c3Kb6jYCRj4JOHHZTxKsQ,Opening Keynote - GitHub Universe 2018
9TzIHpQfBsw,2018-10-12,UC7c3Kb6jYCRj4JOHHZTxKsQ,"Building the Future—Jamica “afroDJiak” El, Creative Technologist"
kDwZ1_RpkFM,2018-10-03,UC7c3Kb6jYCRj4JOHHZTxKsQ,"Building the Future—Julius Sweetland, OptiKey"
f03ZmbZB5Do,2018-10-04,UC7c3Kb6jYCRj4JOHHZTxKsQ,"Building the Future—Conrad Holloman, Operation Code"
T7ZQhooMMDo,2018-09-20,UC7c3Kb6jYCRj4JOHHZTxKsQ,Building the Future—Tiffani Ashley Bell
HzZxcfVn_08,2018-09-13,UC7c3Kb6jYCRj4JOHHZTxKsQ,Building the Future
Sm_p3sf9kq4,2018-09-07,UC7c3Kb6jYCRj4JOHHZTxKsQ,How developers can defend open source from the EU copyright proposal
Yhul2qf0PaM,2018-07-31,UC7c3Kb6jYCRj4JOHHZTxKsQ,パネルディスカッション：Rubyが生まれた頃、そしてこれからのRuby - GitHub Satellite 2018
nKW3E0RTd3Y,2018-07-31,UC7c3Kb6jYCRj4JOHHZTxKsQ,OpenSTFをオープンした結果 - GitHub Satellite 2018
wE_aDY23qy0,2018-07-31,UC7c3Kb6jYCRj4JOHHZTxKsQ,プログラミングができないデザイナーがOSS活動をして感じたこと - GitHub Satellite 2018
x4LMUp3ND7o,2018-07-31,UC7c3Kb6jYCRj4JOHHZTxKsQ,Microservices in ABEJA Platform - 集約と分散のサービス設計 - GitHub Satellite 2018
G9m0npXLRE0,2018-07-31,UC7c3Kb6jYCRj4JOHHZTxKsQ,GitHub Marketplaceと、開発生産性を向上させる幾つかのSaaSのご紹介 - GitHub Satellite 2018
YiOt9aj55wI,2018-07-31,UC7c3Kb6jYCRj4JOHHZTxKsQ,GitHub Enterpriseアドミンパネルディスカッション - GitHub Satellite 2018
QDiuUuLKrVQ,2018-07-24,UC7c3Kb6jYCRj4JOHHZTxKsQ,基調講演：ソフトウェア開発の未来 - GitHub Satellite Tokyo 2018
8jGA7nKCKtA,2018-07-24,UC7c3Kb6jYCRj4JOHHZTxKsQ,基調講演：GitHub Enterpriseプロダクトビジョン - GitHub Satellite Tokyo 2018
un3M5ddrw0w,2018-07-24,UC7c3Kb6jYCRj4JOHHZTxKsQ,What’s new with GitHub ~ GitHub as a platform - GitHub Satellite Tokyo 2018
3FwiEKodlP0,2018-07-24,UC7c3Kb6jYCRj4JOHHZTxKsQ,企業開発に役立つGitHubの最新機能 - GitHub Satellite Tokyo 2018
_uXDUvwkPI4,2018-07-24,UC7c3Kb6jYCRj4JOHHZTxKsQ,SlerがGitHub Enterpriseを使ったら - GitHub Satellite Tokyo 2018
OMdGyHP7V9Y,2018-07-24,UC7c3Kb6jYCRj4JOHHZTxKsQ,DMM.comのGitHub EnterpriseとCircleCI Enterpriseの活用例 - GitHub Satellite Tokyo 2018
tTpeQFbTfDg,2018-07-24,UC7c3Kb6jYCRj4JOHHZTxKsQ,GitHubを軸とした開発プロセスのリプレイス - GitHub Satellite Tokyo 2018
9DZSty2KsJ8,2018-07-24,UC7c3Kb6jYCRj4JOHHZTxKsQ,GitHubと共に学生を育てる方法 - GitHub Satellite Tokyo 2018
dEOrzSif7KQ,2018-07-24,UC7c3Kb6jYCRj4JOHHZTxKsQ,パネルディスカッション：ソフトウェア開発の変遷と、これから - GitHub Satellite Tokyo 2018
P2Jj9gNAexY,2018-07-24,UC7c3Kb6jYCRj4JOHHZTxKsQ,GitHub LT大会 ~ 事件は現場で起きている!? - GitHub Satellite Tokyo 2018
Wf45lJ4FMpU,2018-06-08,UC7c3Kb6jYCRj4JOHHZTxKsQ,Coding to save our coral reefs
hQXV70Z4cFI,2018-04-11,UC7c3Kb6jYCRj4JOHHZTxKsQ,Thank you for 10 years of code
MfIi3d7UAhs,2018-03-31,UC7c3Kb6jYCRj4JOHHZTxKsQ,Opening Session - Git Merge 2018
rWo43r5_jpc,2018-03-31,UC7c3Kb6jYCRj4JOHHZTxKsQ,In Plain Sight: Securing code with an open source workflow - Git Merge 2018
jcN6UgPN7zA,2018-03-31,UC7c3Kb6jYCRj4JOHHZTxKsQ,Backing up large amounts of Git data - Git Merge 2018
FX5NbIeQfP4,2018-03-31,UC7c3Kb6jYCRj4JOHHZTxKsQ,Security issues in Git - Git Merge 2018
A-lNv6Szu3M,2018-03-31,UC7c3Kb6jYCRj4JOHHZTxKsQ,Designers Git-It; A unified design system workflow - Git Merge 2018
pY5i0Io86UQ,2018-03-31,UC7c3Kb6jYCRj4JOHHZTxKsQ,Empowering non-developers to use Git - Git Merge 2018
e9K1gHYIE2c,2018-04-01,UC7c3Kb6jYCRj4JOHHZTxKsQ,Git driven refactoring - Git Merge 2018
hvQeWJSDwkE,2018-04-01,UC7c3Kb6jYCRj4JOHHZTxKsQ,Getting Git right - Git Merge 2018
eUQ6KXvItK8,2018-04-01,UC7c3Kb6jYCRj4JOHHZTxKsQ,Annotating diffs - Git Merge 2018
m6ZOCpS20cw,2018-04-02,UC7c3Kb6jYCRj4JOHHZTxKsQ,Automating the non-automatable; merging refactored code - Git Merge 2018
oOMzi983Qmw,2018-04-02,UC7c3Kb6jYCRj4JOHHZTxKsQ,Making Git for Windows - Git Merge 2018
ZtylGDR6_Y0,2017-12-20,UC7c3Kb6jYCRj4JOHHZTxKsQ,Improving Your Workflow With GitHub's API - GitHub Universe 2017
DsA3MNlz6BU,2017-12-01,UC7c3Kb6jYCRj4JOHHZTxKsQ,What can we learn from 750B GitHub events and 42 TB of code? - GitHub Universe 2017
fsvlzHF6NNg,2017-11-29,UC7c3Kb6jYCRj4JOHHZTxKsQ,Fine Tuning Your GitHub Flow: A Deeper Dive Into GitHub Workflows - GitHub Universe 2017
VdwO3LQ56oM,2017-11-29,UC7c3Kb6jYCRj4JOHHZTxKsQ,The unbearable vulnerability of open source - GitHub Universe 2017
a1rC79DHpmY,2017-12-20,UC7c3Kb6jYCRj4JOHHZTxKsQ,Tree-sitter: a new parsing system for programming tools - GitHub Universe 2017
r4WspUk-gkw,2018-01-12,UC7c3Kb6jYCRj4JOHHZTxKsQ,How legal Hubbers GitHub - GitHub Universe 2017
GH3P4nen5hQ,2017-11-27,UC7c3Kb6jYCRj4JOHHZTxKsQ,Electron: keeping an ion it - GitHub Universe 2017
MwSUVNBc_7M,2018-01-12,UC7c3Kb6jYCRj4JOHHZTxKsQ,"Building, scaling, and selling GitHub integrations - GitHub Universe 2017"
v-payqn0K6I,2017-11-27,UC7c3Kb6jYCRj4JOHHZTxKsQ,Why I decided to become a superhero of the social world - GitHub Universe 2017
UilD5IusWHM,2017-11-29,UC7c3Kb6jYCRj4JOHHZTxKsQ,Queer youth vs. technology - GitHub Universe 2017
YA0Cgjca_EE,2018-01-13,UC7c3Kb6jYCRj4JOHHZTxKsQ,The emotionally fit leader - GitHub Universe 2017
SR70v4Rn3js,2017-12-02,UC7c3Kb6jYCRj4JOHHZTxKsQ,Building a tech community within an African society - GitHub Universe 2017
q1u6Q_jch9A,2017-12-20,UC7c3Kb6jYCRj4JOHHZTxKsQ,Algorithmic biases in AI and machine learning - GitHub Universe 2017
eHWPkOVoJW8,2017-12-20,UC7c3Kb6jYCRj4JOHHZTxKsQ,Building a better browser engine on GitHub - GitHub Universe 2017
SQImqxe7WfY,2017-11-30,UC7c3Kb6jYCRj4JOHHZTxKsQ,Using GitHub's GraphQL API to manage open source projects - GitHub Universe 2017
KvySt3yt5vs,2018-01-13,UC7c3Kb6jYCRj4JOHHZTxKsQ,Tracking And Automating Software Infrastructure With GitHub - GitHub Universe 2017
kb2VRTeWG5Y,2017-12-20,UC7c3Kb6jYCRj4JOHHZTxKsQ,Tools as a catalyst for culture change - GitHub Universe 2017
w_e89rkpagA,2018-01-13,UC7c3Kb6jYCRj4JOHHZTxKsQ,Quickly Build a Collaborative CMS Powered by the GitHub API - GitHub Universe 2017
sHTYEkoymd4,2017-11-27,UC7c3Kb6jYCRj4JOHHZTxKsQ,Nationwide's GitHub Conversion - No IT Project Needed - GitHub Universe 2017
IiM-5V_usFA,2017-12-01,UC7c3Kb6jYCRj4JOHHZTxKsQ,Interop's Labyrinth: Sharing Code Between Web & Electron Apps - GitHub Universe 2017
biv6d361N5I,2017-12-02,UC7c3Kb6jYCRj4JOHHZTxKsQ,Building diverse data communities with Jupyter Notebooks - GitHub Universe 2017
RGIV75r2H-Y,2017-12-20,UC7c3Kb6jYCRj4JOHHZTxKsQ,Accessibility: it's more than just screen readers - GitHub Universe 2017
fFu-s8wzlIw,2018-01-13,UC7c3Kb6jYCRj4JOHHZTxKsQ,Fostering open source culture for healthier minds - GitHub Universe 2017
vZI9d2hFpLc,2017-11-30,UC7c3Kb6jYCRj4JOHHZTxKsQ,"Regulated industries, limitless possibilities - GitHub Universe 2017"
KGKI7hXGAZ8,2017-11-30,UC7c3Kb6jYCRj4JOHHZTxKsQ,Migrating to GitHub Enterprise safely and seamlessly - GitHub Universe 2017
D-5tHyP0nqM,2017-11-29,UC7c3Kb6jYCRj4JOHHZTxKsQ,Managing GitHub At Scale - GitHub Universe 2017
75y3VSu0xdo,2017-12-20,UC7c3Kb6jYCRj4JOHHZTxKsQ,Isolating microservices without sacrificing velocity - GitHub Universe 2017
kB-3vvtdLxw,2018-01-13,UC7c3Kb6jYCRj4JOHHZTxKsQ,Caring For Your Fellow Developers - GitHub Universe 2017
YJagVNzSUk0,2018-01-13,UC7c3Kb6jYCRj4JOHHZTxKsQ,Building CS50 with GitHub - GitHub Universe 2017
5Yu3qCP-pxw,2017-11-27,UC7c3Kb6jYCRj4JOHHZTxKsQ,Launching GitHub's public GraphQL API - GitHub Universe 2017
mGZu5MzTtMA,2017-11-30,UC7c3Kb6jYCRj4JOHHZTxKsQ,How tech policy is shaping the future of software - GitHub Universe 2017
DKhgrFmNTAg,2018-01-13,UC7c3Kb6jYCRj4JOHHZTxKsQ,Having an invisible disease at GitHub - GitHub Universe 2017
rK8yHl0cHoc,2017-12-20,UC7c3Kb6jYCRj4JOHHZTxKsQ,GitHub Driven Refactoring - GitHub Universe 2017
AJXDdkd9U7M,2018-01-13,UC7c3Kb6jYCRj4JOHHZTxKsQ,Extending with GitHub: easy integrations with Probot - GitHub Universe 2017
zco_D0uvE5w,2018-01-13,UC7c3Kb6jYCRj4JOHHZTxKsQ,Balancing identity & privacy: building tools to help users - GitHub Universe 2017
53qGVTSUoFA,2017-12-06,UC7c3Kb6jYCRj4JOHHZTxKsQ,GitHub Universe 2017
YyPfkv8g-k4,2017-11-16,UC7c3Kb6jYCRj4JOHHZTxKsQ,Game Off is Back
1KxV-zwcTa4,2017-10-25,UC7c3Kb6jYCRj4JOHHZTxKsQ,Mine The Music: Searching Efficiently With Open Source - GitHub Universe 2017
LXu80xXwFY0,2017-10-25,UC7c3Kb6jYCRj4JOHHZTxKsQ,Microsoft Loves Open Source: Becoming The Largest Contributor - GitHub Universe 2017
exfc7-hzUQg,2017-10-25,UC7c3Kb6jYCRj4JOHHZTxKsQ,How GitHub Combined with CI Empowers Rapid Product Delivery - GitHub Universe 2017
v9v6BUTrK_g,2017-10-25,UC7c3Kb6jYCRj4JOHHZTxKsQ,Advanced GitHub Enterprise Administration - GitHub Universe 2017
mBtIyVs7ieQ,2017-10-25,UC7c3Kb6jYCRj4JOHHZTxKsQ,Pushing The Boundaries On Video Understanding - GitHub Universe 2017
IaFZDxoTZ4c,2017-10-25,UC7c3Kb6jYCRj4JOHHZTxKsQ,Fireside Chat with Charity Majors - GitHub Universe 2017
RMtga2JfkT4,2017-10-25,UC7c3Kb6jYCRj4JOHHZTxKsQ,Opening Keynote Day 2 - GitHub Universe 2017
wtSSM6xvTzI,2017-10-25,UC7c3Kb6jYCRj4JOHHZTxKsQ,Transformative Change In Challenging Times - GitHub Universe 2017
VR_0t3KvpNc,2017-10-25,UC7c3Kb6jYCRj4JOHHZTxKsQ,Building Inclusion From The Inside Out - GitHub Universe 2017
4_umRysuFjU,2017-10-25,UC7c3Kb6jYCRj4JOHHZTxKsQ,Opening Keynote - GitHub Universe 2017
f0BzD1zCye0,2017-10-11,UC7c3Kb6jYCRj4JOHHZTxKsQ,GitHub Universe 2017 - Better Together
WVQe1ZE7FtU,2017-10-11,UC7c3Kb6jYCRj4JOHHZTxKsQ,I am a Developer - Lisa Lang
2Hjodq3JdoI,2017-10-11,UC7c3Kb6jYCRj4JOHHZTxKsQ,I am a Developer - Mario Ponce
EkWzOTsKvz8,2017-10-11,UC7c3Kb6jYCRj4JOHHZTxKsQ,I am a Developer - Amy Dickens
u4tq9Ef5czw,2017-10-11,UC7c3Kb6jYCRj4JOHHZTxKsQ,I am a Developer - Alicia Carr
U_AzYcJFwb4,2017-06-29,UC7c3Kb6jYCRj4JOHHZTxKsQ,GitHub Satellite 2017
lqMwTToOojk,2017-09-18,UC7c3Kb6jYCRj4JOHHZTxKsQ,Octotales - Inselect
64gaATwzXvE,2017-10-12,UC7c3Kb6jYCRj4JOHHZTxKsQ,Global Software Development with InnerSource - GitHub Satellite 2017
jsDdUSxXhW0,2017-10-12,UC7c3Kb6jYCRj4JOHHZTxKsQ,Openness @ King: Our Journey Towards Collaboration with GHE - GitHub Satellite 2017
DF2OHLau9uA,2017-10-12,UC7c3Kb6jYCRj4JOHHZTxKsQ,A Data Driven Approach to Leading Software Teams - GitHub Satellite 2017
vS5hct55p40,2017-10-11,UC7c3Kb6jYCRj4JOHHZTxKsQ,Modernizing Software Architecture - GitHub Satellite 2017
Q54e40V9Vg4,2017-10-11,UC7c3Kb6jYCRj4JOHHZTxKsQ,Building Interconnected Workflows - GitHub Satellite 2017
K0svhmx0nRE,2017-10-10,UC7c3Kb6jYCRj4JOHHZTxKsQ,Empowering Environmental Science with Open Tools & Data - GitHub Satellite 2017
DRJIjwhLQSI,2017-10-10,UC7c3Kb6jYCRj4JOHHZTxKsQ,How to Avoid Creating a GitHub Junkyard - GitHub Satellite 2017
yb9Svh1ETlc,2017-10-09,UC7c3Kb6jYCRj4JOHHZTxKsQ,It's not just for code! Git and GitHub as a platform for Open Education
T80VOqmMd5I,2017-10-08,UC7c3Kb6jYCRj4JOHHZTxKsQ,GitHub Beyond Your Browser - GitHub Satellite 2017
3mV-jIObiBw,2017-10-08,UC7c3Kb6jYCRj4JOHHZTxKsQ,From WiT to WiTtier - Growing a Women in Tech community in Nottingham - GitHub Satellite 2017
bUxXjfmUDYs,2017-10-07,UC7c3Kb6jYCRj4JOHHZTxKsQ,Teaching GitHub Flow with LEGO and Arduino - GitHub Satellite 2017
moDdhDxzg2k,2017-10-07,UC7c3Kb6jYCRj4JOHHZTxKsQ,Git Tips & Tricks - GitHub Satellite 2017
CBJMCt9bAbM,2017-10-06,UC7c3Kb6jYCRj4JOHHZTxKsQ,The Secret Life of Monoliths - GitHub Satellite 2017
PpFaKCzKsYA,2017-10-06,UC7c3Kb6jYCRj4JOHHZTxKsQ,Integrating With GitHub - GitHub Satellite 2017
o_MBuszB39M,2017-10-05,UC7c3Kb6jYCRj4JOHHZTxKsQ,Opening Keynote - GitHub Satellite 2017
TlQcwNnqpnE,2017-10-05,UC7c3Kb6jYCRj4JOHHZTxKsQ,The Power of the Open Source Community - GitHub Satellite 2017
_HjToekoEMk,2017-05-22,UC7c3Kb6jYCRj4JOHHZTxKsQ,GitHub Marketplace
8CUPVB8tKoY,2017-05-20,UC7c3Kb6jYCRj4JOHHZTxKsQ,Git Simple: Writing primary git functionalities in Ruby - Git Merge 2017
WfwwFyE-ckQ,2017-05-20,UC7c3Kb6jYCRj4JOHHZTxKsQ,Repo 911 - Git Merge 2017
2UKd0YMuc-M,2017-05-20,UC7c3Kb6jYCRj4JOHHZTxKsQ,Greatest Hits of the Git Maintainers Room - Git Merge 2017
M75aENmuzmo,2017-05-19,UC7c3Kb6jYCRj4JOHHZTxKsQ,Jedi Mind Tricks for Git - Git Merge 2017
0EubYhsX-No,2017-05-19,UC7c3Kb6jYCRj4JOHHZTxKsQ,The Battle for Sub-premacy - Git Merge 2017
54Yh0YyC-4Q,2017-05-18,UC7c3Kb6jYCRj4JOHHZTxKsQ,"Git and the Terrible, Horrible, No Good, Very Bad Day - Git Merge 2017"
GRO9Ho8iXds,2017-05-18,UC7c3Kb6jYCRj4JOHHZTxKsQ,Trust But Verify - Git Merge 2017
usQgAy8YDVA,2017-05-17,UC7c3Kb6jYCRj4JOHHZTxKsQ,Git for Pair Programming - Git Merge 2017
_gyLZVjekbo,2017-05-17,UC7c3Kb6jYCRj4JOHHZTxKsQ,Lightning Talks - Git Merge 2017
3IIaOj1Lhb0,2017-05-16,UC7c3Kb6jYCRj4JOHHZTxKsQ,Git Aliases of the Gods!  - Git Merge 2017
Q7i_qQW__q4,2017-05-16,UC7c3Kb6jYCRj4JOHHZTxKsQ,Git LFS at Light Speed - Git Merge 2017
gOVD-DrUpwQ,2017-05-16,UC7c3Kb6jYCRj4JOHHZTxKsQ,Scaling Mercurial at Facebook: Insights from the Other Side - Git Merge 2017
-AQl98fItmQ,2017-05-24,UC7c3Kb6jYCRj4JOHHZTxKsQ,Git: The Tool Loved and (sometimes) Feared - Git Merge 2017
31XZYMjg93o,2017-05-16,UC7c3Kb6jYCRj4JOHHZTxKsQ,What’s Wrong With Git? - Git Merge 2017
g_MPGU_m01s,2017-05-04,UC7c3Kb6jYCRj4JOHHZTxKsQ,Scaling Git at Microsoft - Git Merge 2017
-ZNKR9wFe8o,2017-05-04,UC7c3Kb6jYCRj4JOHHZTxKsQ,Top Ten Worst Repositories to host on GitHub - Git Merge 2017
CKwuPQqOi_4,2017-05-03,UC7c3Kb6jYCRj4JOHHZTxKsQ,Software Freedom Conservancy - Git Merge 2017
PqBatpCmRf0,2017-06-08,UC7c3Kb6jYCRj4JOHHZTxKsQ,"Crescent Wrenches, Socket Sets, and Other Tools For Debugging - CodeConf 2016"
KoUhdhZmdWM,2017-06-08,UC7c3Kb6jYCRj4JOHHZTxKsQ,Twitter Heron In Practice - CodeConf 2016
RRf6ye7GSB0,2017-06-07,UC7c3Kb6jYCRj4JOHHZTxKsQ,Enabling Data-Driven Public-Private Collaborations - CodeConf 2016
EMOnUvcnHa0,2017-06-07,UC7c3Kb6jYCRj4JOHHZTxKsQ,Behavior Design: Teaching Your Users' Security - CodeConf 2016
_sJTbLvhTVg,2017-06-07,UC7c3Kb6jYCRj4JOHHZTxKsQ,Design for Non-Designers - CodeConf 2016
Usgh19es_oE,2017-06-07,UC7c3Kb6jYCRj4JOHHZTxKsQ,"From closed to open, a tale about Parse - CodeConf 2016"
PRAT0BK6Ahw,2017-06-06,UC7c3Kb6jYCRj4JOHHZTxKsQ,The HashiCorp Formula to Open Source - CodeConf 2016
GBj7xOtue0c,2017-06-06,UC7c3Kb6jYCRj4JOHHZTxKsQ,Emerging Models for Open Source Contributions - CodeConf 2016
G3Z0F8Tw13Y,2017-06-06,UC7c3Kb6jYCRj4JOHHZTxKsQ,"Let's Encrypt: A Free, Automated, and Open Certificate Authority - CodeConf 2016"
-wSwlLeKFdE,2017-06-05,UC7c3Kb6jYCRj4JOHHZTxKsQ,What happens when military veterans learn to code - CodeConf 2016
MGKKqE915ag,2017-06-05,UC7c3Kb6jYCRj4JOHHZTxKsQ,Lending Privilege - CodeConf 2016
OsOZpF6LFcw,2017-06-05,UC7c3Kb6jYCRj4JOHHZTxKsQ,The Open Source Contributor Funnel: Turning Users Into Maintainers - CodeConf 2016
d6iFXlsObFI,2017-06-05,UC7c3Kb6jYCRj4JOHHZTxKsQ,The heart of npm - CodeConf 2016
RHDP_KCrjUc,2017-06-03,UC7c3Kb6jYCRj4JOHHZTxKsQ,Distributed Consensus with Raft - CodeConf 2016
56ftygaP68I,2017-06-03,UC7c3Kb6jYCRj4JOHHZTxKsQ,Natural language analysis of Bowie's personas - CodeConf 2016
407nwX6__70,2017-06-03,UC7c3Kb6jYCRj4JOHHZTxKsQ,Rust's Community Automation - CodeConf 2016
NE9253C3isY,2017-06-03,UC7c3Kb6jYCRj4JOHHZTxKsQ,Rust: Systems Programming for Web Developers - CodeConf 2016
SdVlJVevgeQ,2017-06-02,UC7c3Kb6jYCRj4JOHHZTxKsQ,12 Factor Apps and Kubernetes - CodeConf 2016
yiiDFRs62lQ,2017-06-02,UC7c3Kb6jYCRj4JOHHZTxKsQ,The Perfect Programming Language - CodeConf 2016
tvymSWfvkjw,2017-05-03,UC7c3Kb6jYCRj4JOHHZTxKsQ,Git Merge 2017 Recap
paS09pRV8bY,2017-02-08,UC7c3Kb6jYCRj4JOHHZTxKsQ,Maintainer Stories — Amjith Ramanujam
us_3IGG6leM,2017-02-08,UC7c3Kb6jYCRj4JOHHZTxKsQ,Maintainer Stories — Eric Holscher
MjKwvdF7SrA,2017-02-08,UC7c3Kb6jYCRj4JOHHZTxKsQ,Maintainer Stories — Katrina Owen
w3jLJU7DT5E,2016-12-19,UC7c3Kb6jYCRj4JOHHZTxKsQ,What is GitHub?
6VTYwbnZdQM,2016-11-28,UC7c3Kb6jYCRj4JOHHZTxKsQ,The Octocat Plushie
z_4B9oVGa3k,2016-10-26,UC7c3Kb6jYCRj4JOHHZTxKsQ,The People's Code - GitHub Universe 2016
rN4cMAGPRQ0,2016-10-12,UC7c3Kb6jYCRj4JOHHZTxKsQ,Introducing New Workflow Improvements: Code Review & Projects - GitHub Universe 2016
uG1zzGNPDnU,2016-10-07,UC7c3Kb6jYCRj4JOHHZTxKsQ,Game Off Returns
Uflvf8l0NLY,2016-09-28,UC7c3Kb6jYCRj4JOHHZTxKsQ,Developing Open Source in Service to National Security - GitHub Universe 2016
DY0yNRNkYb0,2016-09-28,UC7c3Kb6jYCRj4JOHHZTxKsQ,Building Reliability with Spokes - GitHub Universe 2016
fJpp0s_GN3s,2016-09-28,UC7c3Kb6jYCRj4JOHHZTxKsQ,Transforming Tribal Knowledge into Learning Trees - GitHub Universe 2016
5ABos9UTfJU,2016-10-25,UC7c3Kb6jYCRj4JOHHZTxKsQ,Building and Scaling a Distributed and Inclusive Team - GitHub Universe 2016
jArFW_GpxE4,2016-09-28,UC7c3Kb6jYCRj4JOHHZTxKsQ,Crossing the Canyon of Cognizance: A Shared Adventure - GitHub Universe 2016
FdH8-4tV8v8,2016-09-28,UC7c3Kb6jYCRj4JOHHZTxKsQ,Measuring the Value of GitHub Enterprise - GitHub Universe 2016
FNHBfN8c32U,2016-09-28,UC7c3Kb6jYCRj4JOHHZTxKsQ,Electron: Desktop Apps with Web Languages - GitHub Universe 2016
tFIOu_KEr-4,2016-09-28,UC7c3Kb6jYCRj4JOHHZTxKsQ,Crossing the Language Divide in Open Source Projects - GitHub Universe 2016
LsxDxL4PYik,2016-09-28,UC7c3Kb6jYCRj4JOHHZTxKsQ,Tips & Tricks: Gotta Git Them All - GitHub Universe 2016
Eqg_IqVeI5s,2016-09-28,UC7c3Kb6jYCRj4JOHHZTxKsQ,"Making Electron Development Simpler, More Pleasant, and More Productive - GitHub Universe 2016"
pJFM321_lAs,2016-09-28,UC7c3Kb6jYCRj4JOHHZTxKsQ,Code Review is an Architectural Necessity - GitHub Universe 2016
0CLYWi8wSyk,2016-09-28,UC7c3Kb6jYCRj4JOHHZTxKsQ,Making online collaboration safer at GitHub - GitHub Universe 2016
_dk4SxkpLc8,2016-09-28,UC7c3Kb6jYCRj4JOHHZTxKsQ,GitHub Integrations - GitHub Universe 2016
yQZ7JBh9VDU,2016-09-28,UC7c3Kb6jYCRj4JOHHZTxKsQ,Pains & Gains: Five Short Stories - GitHub Universe 2016
dKGSVTNw7ZU,2016-09-28,UC7c3Kb6jYCRj4JOHHZTxKsQ,"YesSQL, process and tooling at scale - GitHub Universe 2016"
wPPFhcqGcvk,2016-09-28,UC7c3Kb6jYCRj4JOHHZTxKsQ,Implementing and Using GraphQL at GitHub - GitHub Universe 2016
sDKN-xyqcNc,2016-09-28,UC7c3Kb6jYCRj4JOHHZTxKsQ,"InnerSource: Reaping the Benefits of Open Source, Behind Your Firewall"
2zksJnRSgv0,2016-09-28,UC7c3Kb6jYCRj4JOHHZTxKsQ,gh-ost: GitHub's online schema migrations tool for MySQL - GitHub Universe 2016
UB283wKxiqU,2016-09-28,UC7c3Kb6jYCRj4JOHHZTxKsQ,Managing GitHub at Scale - GitHub Universe 2016
8Nvg-MMtN_A,2016-09-28,UC7c3Kb6jYCRj4JOHHZTxKsQ,Lending Privilege - GitHub Universe 2016
juLIxo42A_s,2016-09-28,UC7c3Kb6jYCRj4JOHHZTxKsQ,The GitHub Flow - GitHub Universe 2016
W0bVyxi38Bc,2016-09-23,UC7c3Kb6jYCRj4JOHHZTxKsQ,Machines Making Movies - GitHub Universe 2016
ivsfZjvc1-4,2016-09-20,UC7c3Kb6jYCRj4JOHHZTxKsQ,99% Invisible - GitHub Universe 2016
4Iem6JK6PtY,2016-09-20,UC7c3Kb6jYCRj4JOHHZTxKsQ,Blurry Lines - GitHub Universe 2016
yvB6BqYs2T0,2016-09-20,UC7c3Kb6jYCRj4JOHHZTxKsQ,How GOV.UK Changed Government - GitHub Universe 2016
rzwdi4iSzBQ,2016-09-20,UC7c3Kb6jYCRj4JOHHZTxKsQ,The Police Data Initiative - GitHub Universe 2016
aDOGeBqEDsA,2016-09-20,UC7c3Kb6jYCRj4JOHHZTxKsQ,Fireside Chat with Bret Taylor - GitHub Universe 2016
u9s_W8lCrDU,2016-09-20,UC7c3Kb6jYCRj4JOHHZTxKsQ,Opening Keynote - GitHub Universe 2016
0A-u1tQTBqo,2016-09-20,UC7c3Kb6jYCRj4JOHHZTxKsQ,The New Developer - GitHub Universe 2016
qwLDACQeWBI,2016-09-14,UC7c3Kb6jYCRj4JOHHZTxKsQ,GitHub Universe - We Have Wift Off!
afvT1c1ii0c,2016-09-14,UC7c3Kb6jYCRj4JOHHZTxKsQ,How we build software.
eLUegWCIeOA,2016-07-29,UC7c3Kb6jYCRj4JOHHZTxKsQ,GitHub Satellite 2016
cwz3U82mC-Y,2016-07-29,UC7c3Kb6jYCRj4JOHHZTxKsQ,The API flow - GitHub Satellite 2016
He-yMYcJLig,2016-07-29,UC7c3Kb6jYCRj4JOHHZTxKsQ,Staying sane with small incremental releases - GitHub Satellite 2016
YRH6NvYaBk4,2016-07-29,UC7c3Kb6jYCRj4JOHHZTxKsQ,Optimizing for cognitive workflows - GitHub Satellite 2016
f2-twfkbdiE,2016-07-29,UC7c3Kb6jYCRj4JOHHZTxKsQ,Inspiring innovation in a new era of technology - GitHub Satellite 2016
_7XP0RWZt0U,2016-07-29,UC7c3Kb6jYCRj4JOHHZTxKsQ,Social Coding at SAP - GitHub Satellite 2016
SA1h34ESWqQ,2016-07-29,UC7c3Kb6jYCRj4JOHHZTxKsQ,Collaborating with Hubot for a more efficient DevOps workflow - GitHub Satellite 2016
ANEv_7X7NA8,2016-07-29,UC7c3Kb6jYCRj4JOHHZTxKsQ,Using pull requests to drive continuous delivery - GitHub Satellite 2016
Tde6YQtudWw,2016-07-29,UC7c3Kb6jYCRj4JOHHZTxKsQ,How we built GOV.UK without breaking the web - GitHub Satellite 2016
WVb2OD49pUA,2016-07-29,UC7c3Kb6jYCRj4JOHHZTxKsQ,Building cross-platform apps with Electron - GitHub Satellite 2016
lJVrKhrsHvU,2016-07-29,UC7c3Kb6jYCRj4JOHHZTxKsQ,Growing and maintaining an open source project - GitHub Satellite 2016
DiMkf2p2PvI,2016-07-29,UC7c3Kb6jYCRj4JOHHZTxKsQ,Prototyping the Internet of Things - GitHub Satellite 2016
UaqulMz5npk,2016-07-29,UC7c3Kb6jYCRj4JOHHZTxKsQ,In pursuit of open source security - GitHub Satellite 2016
cUHxaAOfj1A,2016-07-29,UC7c3Kb6jYCRj4JOHHZTxKsQ,Building GitHub - GitHub Satellite 2016
HMV39N-UgFY,2016-07-29,UC7c3Kb6jYCRj4JOHHZTxKsQ,Closing Keynote - GitHub Satellite 2016
DoQiiE5oNOU,2016-07-29,UC7c3Kb6jYCRj4JOHHZTxKsQ,Opening Keynote - GitHub Satellite 2016
J8e5tmGJrLo,2016-11-08,UC7c3Kb6jYCRj4JOHHZTxKsQ,Git Merge 2016 Recap
i7AvltW48Xk,2016-11-16,UC7c3Kb6jYCRj4JOHHZTxKsQ,"The Coding Chef: Optimizing Tools & Workflows, Juan Pablo Buritica - Git Merge 2016"
rKgBV4yfK3g,2016-11-16,UC7c3Kb6jYCRj4JOHHZTxKsQ,"Git Is Taking Over Microsoft, Saeed Noursalehi - Git Merge 2016"
Y2Msq90ZknI,2016-11-16,UC7c3Kb6jYCRj4JOHHZTxKsQ,"Dissecting Git's Guts, Emily Xie - Git Merge 2016"
bQBE7Ky7xs8,2016-11-16,UC7c3Kb6jYCRj4JOHHZTxKsQ,"Version Controlled CI and CD, Sytse ""Sid"" Sijbrandij - Git Merge 2016"
d-T51nhmFhQ,2016-11-16,UC7c3Kb6jYCRj4JOHHZTxKsQ,"20 Tricks with Git and Shell, Spencer Krum - Git Merge 2016"
W_gtQthk-bQ,2016-11-16,UC7c3Kb6jYCRj4JOHHZTxKsQ,"Git for Static Websites, Ryan Hodson - Git Merge 2016"
MlBj0znSoMo,2016-11-16,UC7c3Kb6jYCRj4JOHHZTxKsQ,"Tracking Huge Files with Git LFS, Tim Pettersen - Git Merge 2016"
DvMfNfjcYJg,2016-11-16,UC7c3Kb6jYCRj4JOHHZTxKsQ,"Repo factoring, Charles Bailey - Git Merge 2016"
TG_MxBNCsaQ,2016-11-16,UC7c3Kb6jYCRj4JOHHZTxKsQ,"From CLI to GUI: Overcoming Challenges to Advance Git, John Haley & Hamid Shojaee - Git Merge 2016"
z2kEpFF8l1Q,2016-11-16,UC7c3Kb6jYCRj4JOHHZTxKsQ,"Change Needs Management, Emily Jane Hogbin Westby - Git Merge 2016"
b3P2efnryfs,2016-11-16,UC7c3Kb6jYCRj4JOHHZTxKsQ,"Adopt Git at Scale and Stay Sane, Lars Schneider - Git Merge 2016"
f7ecUqHxD7o,2016-11-16,UC7c3Kb6jYCRj4JOHHZTxKsQ,"Scaling at GitHub, Patrick Reynolds - Git Merge 2016"
vyenmLqJQjs,2016-11-16,UC7c3Kb6jYCRj4JOHHZTxKsQ,"Linux Kernel Development, Greg Kroah-Hartman - Git Merge 2016"
rrPTGjDjqlQ,2016-11-16,UC7c3Kb6jYCRj4JOHHZTxKsQ,Optimizing for cognitive workflows - Laurent Ploix
LreQfx5x740,2016-04-05,UC7c3Kb6jYCRj4JOHHZTxKsQ,Octotales • Fred Hutch
OeBZUW-9i0M,2016-03-15,UC7c3Kb6jYCRj4JOHHZTxKsQ,Octotales: MailChimp
jpMmboYadnA,2016-02-04,UC7c3Kb6jYCRj4JOHHZTxKsQ,Git and GitHub Secrets - GitHub Universe 2015
NqqmafB4fAg,2016-02-04,UC7c3Kb6jYCRj4JOHHZTxKsQ,Changing Lives with Open Data - GitHub Universe 2015
0MQihfI_OMA,2016-02-04,UC7c3Kb6jYCRj4JOHHZTxKsQ,GitHub Security Best Practices - GitHub Universe 2015
F8hxDhtyNEw,2016-02-04,UC7c3Kb6jYCRj4JOHHZTxKsQ,Offline Web Apps on GitHub Pages - GitHub Universe 2015
0jA2YrC1X4k,2016-02-04,UC7c3Kb6jYCRj4JOHHZTxKsQ,Metrics-Driven Development - GitHub Universe 2015
QNixDNtwYJ0,2016-02-04,UC7c3Kb6jYCRj4JOHHZTxKsQ,From Perforce To Git: Lessons Learned - GitHub Universe 2015
x2fd8HHk5xM,2016-02-04,UC7c3Kb6jYCRj4JOHHZTxKsQ,Integrating with the GitHub API - GitHub Universe 2015
kSnHQREBaXo,2016-02-04,UC7c3Kb6jYCRj4JOHHZTxKsQ,Beyond Saas: Building for Enterprise - GitHub Universe 2015
Sq2HiOE0cTY,2016-02-04,UC7c3Kb6jYCRj4JOHHZTxKsQ,Rethinking Production Monitoring - GitHub Universe 2015
_dkeD3OZ218,2016-02-04,UC7c3Kb6jYCRj4JOHHZTxKsQ,Electron: Desktop Apps with Web Languages - GitHub Universe 2015
Bn3Aa325v4k,2016-02-04,UC7c3Kb6jYCRj4JOHHZTxKsQ,The Importance of Positive Feedback - GitHub Universe 2015
XWCmMXDaufM,2016-02-04,UC7c3Kb6jYCRj4JOHHZTxKsQ,From No Git to 3000 GitHub Enterprise Users - GitHub Universe 2015
VSPsEu7QmBM,2016-02-04,UC7c3Kb6jYCRj4JOHHZTxKsQ,Working Together to Make Things Better for the World - GitHub Universe 2015
MVwj6DQM-PY,2016-02-04,UC7c3Kb6jYCRj4JOHHZTxKsQ,Every Company is a Software Company - GitHub Universe 2015
0pzir6xoQQc,2016-02-04,UC7c3Kb6jYCRj4JOHHZTxKsQ,Creating a Community at Docker - GitHub Universe 2015
5KMW5BA2qGk,2016-02-04,UC7c3Kb6jYCRj4JOHHZTxKsQ,Tell Our Stories - GitHub Universe 2015
4etQ8s74aHg,2016-02-04,UC7c3Kb6jYCRj4JOHHZTxKsQ,Democratic Deploys at Airbnb - GitHub Universe 2015
KzJghBDIBOM,2016-02-04,UC7c3Kb6jYCRj4JOHHZTxKsQ,CI in the World of MicroServices - GitHub Universe 2015
ndBwIFmOjzw,2016-02-04,UC7c3Kb6jYCRj4JOHHZTxKsQ,Atlassian and Git LFS - GitHub Universe 2015
UquTe8QlSEo,2016-02-04,UC7c3Kb6jYCRj4JOHHZTxKsQ,Visual Studio Online and Git LFS - GitHub Universe 2015
68ItppT_aGM,2016-02-04,UC7c3Kb6jYCRj4JOHHZTxKsQ,Overview of Git LFS - GitHub Universe 2015
YHierHqxOT0,2016-02-04,UC7c3Kb6jYCRj4JOHHZTxKsQ,Training the Team - GitHub Universe 2015
xD5p1Iw9In4,2016-02-04,UC7c3Kb6jYCRj4JOHHZTxKsQ,GitHub Enterprise Primer and Deployment - GitHub Universe 2015
Falqd-5Nfqo,2016-02-04,UC7c3Kb6jYCRj4JOHHZTxKsQ,Building Communities Around Open Source Security Software - GitHub Universe 2015
vCwuZfK0VG4,2016-02-04,UC7c3Kb6jYCRj4JOHHZTxKsQ,"Pull Requests, Code Review, and the GitHub Flow - GitHub Universe 2015"
IEwtBi7P9cQ,2016-02-04,UC7c3Kb6jYCRj4JOHHZTxKsQ,Open Source Principles for Internal Engineering Teams - GitHub Universe 2015
vtz4tCxQgx0,2016-02-04,UC7c3Kb6jYCRj4JOHHZTxKsQ,FIDO U2F: The Next Step in the Evolution of Account Security - GitHub Universe 2015
l5SIbsy21jE,2016-02-04,UC7c3Kb6jYCRj4JOHHZTxKsQ,Git LFS Training - GitHub Universe 2015
GcMQgLT1VPw,2016-02-04,UC7c3Kb6jYCRj4JOHHZTxKsQ,Digital-Industrial: Global Impact of Industrial Innovation - GitHub Universe 2015
yCOkM9PX6r0,2016-02-04,UC7c3Kb6jYCRj4JOHHZTxKsQ,"Five years, building a culture, and handing it off - GitHub Universe 2015"
EZy1Dl5KJNg,2015-11-10,UC7c3Kb6jYCRj4JOHHZTxKsQ,The Mini Octocat Figurine
6-FqUO_RzUo,2016-02-04,UC7c3Kb6jYCRj4JOHHZTxKsQ,Opening Keynote - GitHub Universe 2015
vq2jYFZVMDA,2015-10-01,UC7c3Kb6jYCRj4JOHHZTxKsQ,GitHub Universe
VzuBJTtwm3o,2015-10-06,UC7c3Kb6jYCRj4JOHHZTxKsQ,Anna's Story
_11d1ZsEZ8g,2015-10-01,UC7c3Kb6jYCRj4JOHHZTxKsQ,Git LFS 1.0
UQYWHQMKOQA,2017-06-01,UC7c3Kb6jYCRj4JOHHZTxKsQ,"How Argument Cultures & Critical Feedback are Hurting Eng. Teams, Kate Heddleston - CodeConf 2015"
85fXs6cQETQ,2017-06-01,UC7c3Kb6jYCRj4JOHHZTxKsQ,"Becoming a Better Programmer, Peter Goodliffe - CodeConf 2015"
NqjPy1Ltsv8,2017-05-31,UC7c3Kb6jYCRj4JOHHZTxKsQ,"The Hacker's Guide to the Galaxy, Ariel Waldman - CodeConf 2015"
CGfCLy_c9NE,2017-05-30,UC7c3Kb6jYCRj4JOHHZTxKsQ,"Improving Online Learning and Collaboration Through Design, Kortney Ziegler - CodeConf 2015"
F33S9OTN26M,2017-05-30,UC7c3Kb6jYCRj4JOHHZTxKsQ,"Microsoft Azure and Hadoop, an OSS Story, Jennifer Marsman - CodeConf 2015"
W42S1pkSq-o,2017-05-29,UC7c3Kb6jYCRj4JOHHZTxKsQ,"How Facebook does Open Source at Scale, Christine Abernathy - CodeConf 2015"
wTqaz5vf8U0,2017-05-29,UC7c3Kb6jYCRj4JOHHZTxKsQ,"Conversational Aikido and Other Lessons in Moderation, Lee Dohm - CodeConf 2015"
NdmhVX6zIr4,2017-05-29,UC7c3Kb6jYCRj4JOHHZTxKsQ,"Single Page Web Apps with Electron, Paul Betts - CodeConf 2015"
qBOsGwpwEoY,2017-05-28,UC7c3Kb6jYCRj4JOHHZTxKsQ,"Web Components in Google Chrome, Elliott Sprehn - CodeConf 2015"
N8AZFUOBsaw,2017-05-28,UC7c3Kb6jYCRj4JOHHZTxKsQ,"World of Atom, Daniel Hengeveld, Chris Wanstrath, Ben Ogle - CodeConf 2015"
q7vqdMGIY7o,2017-05-27,UC7c3Kb6jYCRj4JOHHZTxKsQ,"Lessons from Girl Develop It, Corinne Warnshuis - CodeConf 2015"
I2B5GkBw2H4,2017-05-27,UC7c3Kb6jYCRj4JOHHZTxKsQ,"Making Music in the Browser, Steve Kinney - CodeConf 2015"
CCICGu5dy8s,2017-05-26,UC7c3Kb6jYCRj4JOHHZTxKsQ,"Creating Chaos from Order, Casey Rosenthal - CodeConf 2015"
gSbLvgof-f8,2017-05-26,UC7c3Kb6jYCRj4JOHHZTxKsQ,"Detecting and Mitigating Fraud in Realtime at Airbnb, Eric Levine - CodeConf 2015"
K8gB41dYAUM,2017-05-25,UC7c3Kb6jYCRj4JOHHZTxKsQ,"The Guardian: Developing in the Open, Roberto Tyley - CodeConf 2015"
Z_-mJP0Dh1w,2017-05-25,UC7c3Kb6jYCRj4JOHHZTxKsQ,"Designing in the Open, Una Kravets & Ryan Brownhill - CodeConf 2015"
6Giz8csd6Is,2017-05-24,UC7c3Kb6jYCRj4JOHHZTxKsQ,"Debugging Diversity, Anjuan Simmons - CodeConf 2015"
5ozzhMlrsNk,2017-05-24,UC7c3Kb6jYCRj4JOHHZTxKsQ,"State of the Open Source Licenses, Mislav Marohnić - CodeConf 2015"
cxxWrUfugyE,2017-05-23,UC7c3Kb6jYCRj4JOHHZTxKsQ,"Microsoft’s Voyage into Open Source, Kasey Uhlenhuth - CodeConf 2015"
WqsXQGKtods,2017-05-23,UC7c3Kb6jYCRj4JOHHZTxKsQ,"Building an Open Source Business, Josh Kalderimis - CodeConf 2015"
KDUtjZHIx44,2015-08-13,UC7c3Kb6jYCRj4JOHHZTxKsQ,Everything I Wish I Knew When I Started Using GitHub
Y7aEiVwBAdk,2015-06-25,UC7c3Kb6jYCRj4JOHHZTxKsQ,Introducing Atom 1.0!
QEFEdkFaFVk,2015-05-22,UC7c3Kb6jYCRj4JOHHZTxKsQ,CodeConf 2015 in Nashville
ftMJdbHxv3A,2015-05-12,UC7c3Kb6jYCRj4JOHHZTxKsQ,Git Merge 2015
7qspn906quI,2015-05-12,UC7c3Kb6jYCRj4JOHHZTxKsQ,"Great Artists Steal: Adding Git Support to Microsoft Visual Studio, Edward Thomson - Git Merge 2015"
MPwRnpzmMI8,2015-05-12,UC7c3Kb6jYCRj4JOHHZTxKsQ,"Infrastructure as Code: Manage your Architecture with Git, Danilo Poccia - Git Merge 2015"
Hksnvmlztns,2015-05-12,UC7c3Kb6jYCRj4JOHHZTxKsQ,"Building a Git Extension with First Principles, Rick Olson - Git Merge 2015"
xYhHi8yK-Is,2015-05-12,UC7c3Kb6jYCRj4JOHHZTxKsQ,"Teaching People Git, Emma Jane Hogbin Westby - Git Merge 2015"
F5YBaske5ao,2015-05-12,UC7c3Kb6jYCRj4JOHHZTxKsQ,"The Challenge of Monorepos: Strategies from git-core and Open Source, John Garcia - Git Merge 2015"
62Q-uepv-2A,2015-05-12,UC7c3Kb6jYCRj4JOHHZTxKsQ,"Beyond Source Code Versioning – git at SAP, Dirk Lehman - Git Merge 2015"
cY34mr71ky8,2015-05-12,UC7c3Kb6jYCRj4JOHHZTxKsQ,"Git at Google: Making Big Projects (and Everyone Else) Happy, Dave Borowitz - Git Merge 2015"
bjh4DHuOf4E,2015-05-12,UC7c3Kb6jYCRj4JOHHZTxKsQ,"Scaling Git at Twitter, Wilhelm Bierbaum - Git Merge 2015"
L8d0G7Duz9A,2015-03-03,UC7c3Kb6jYCRj4JOHHZTxKsQ,GitHub OctoTales • Epic Games
mkiDkkdGGAQ,2014-11-18,UC7c3Kb6jYCRj4JOHHZTxKsQ,"GitHub Enterprise on AWS is fast, jetpack fast"
piZQLiWMypk,2014-11-11,UC7c3Kb6jYCRj4JOHHZTxKsQ,A look at the new GitHub Enterprise
lN4Pu0CzUhQ,2014-11-11,UC7c3Kb6jYCRj4JOHHZTxKsQ,Something feels...different. GitHub Enterprise on AWS.
OF--50_hcTU,2014-10-21,UC7c3Kb6jYCRj4JOHHZTxKsQ,The Octocat Figurine
V8XJBacCNTo,2014-08-12,UC7c3Kb6jYCRj4JOHHZTxKsQ,FIRST Robotics • Presented by GitHub
j1-G14EJRQ8,2014-06-23,UC7c3Kb6jYCRj4JOHHZTxKsQ,GitHub OctoTales • GREE
kuZ5eR2JcSo,2014-06-13,UC7c3Kb6jYCRj4JOHHZTxKsQ,Modularity à la Taliban by Jon Sterling • GitHub Reactive Cocoa Developer Conference
ICNjRS2X8WM,2014-06-13,UC7c3Kb6jYCRj4JOHHZTxKsQ,The Future Of ReactiveCocoa by Justin Spahr-Summers • GitHub Reactive Cocoa Developer Conference
NzKp2AjnMMM,2014-06-13,UC7c3Kb6jYCRj4JOHHZTxKsQ,Reactive Cocoa Developer Conference • Panel Q&A and Discussion
sek0ohbboNU,2014-06-13,UC7c3Kb6jYCRj4JOHHZTxKsQ,RACify Non-Reactive Code by Dave Lee • GitHub Reactive Cocoa Developer Conference
iUcm5COsKJo,2014-05-14,UC7c3Kb6jYCRj4JOHHZTxKsQ,rOpenSci Hackathon 2014
KgVHcguTNtQ,2014-04-07,UC7c3Kb6jYCRj4JOHHZTxKsQ,GitHub OctoTales • UC Berkeley
vbert5jq058,2014-03-11,UC7c3Kb6jYCRj4JOHHZTxKsQ,Passion Projects (Live) 11: Laura Gluhanich (Building Online Communities)
7aRZ2QbuK_o,2014-03-10,UC7c3Kb6jYCRj4JOHHZTxKsQ,Passion Projects (Docs) • Timoni West (Foursquare)
veok2RIQqYU,2014-03-03,UC7c3Kb6jYCRj4JOHHZTxKsQ,GitHub OctoTales • DeNA
XRtSQqR3sdU,2014-01-23,UC7c3Kb6jYCRj4JOHHZTxKsQ,2013 GitHub Dodgeball Tournament for Charity
svPqLr5NXoM,2014-01-20,UC7c3Kb6jYCRj4JOHHZTxKsQ,Passion Projects (Live) 10: Dana McCallum (Joining Datasets w Pastimes)
VgeQsIKO4rM,2014-01-08,UC7c3Kb6jYCRj4JOHHZTxKsQ,Passion Projects (Live) 9: Melissa Severini (Organization Organizing)
v0EsVMAyZdI,2013-12-16,UC7c3Kb6jYCRj4JOHHZTxKsQ,Passion Projects (Live) 7: Jen Myers (How To Not Be An Expert)
XqSooZhyR3w,2013-12-16,UC7c3Kb6jYCRj4JOHHZTxKsQ,Passion Projects (Live) 8: Ligaya Tichy (Giving Charitably)
r8A383xMRUQ,2013-12-12,UC7c3Kb6jYCRj4JOHHZTxKsQ,Passion Projects (Live) 6: The Leslie Bradshaw Realtalk Edition
KOhaBgKcb1w,2013-11-13,UC7c3Kb6jYCRj4JOHHZTxKsQ,"""What is Your Why"" by Keavy McMinn"
-RhhP7kv57g,2013-10-02,UC7c3Kb6jYCRj4JOHHZTxKsQ,Flexible Hours • Inside GitHub
3GeKarLwfqA,2013-09-19,UC7c3Kb6jYCRj4JOHHZTxKsQ,Passion Projects (Docs) • Rachel Myers (RailsBridge)
e5KzPnpzZQQ,2013-08-12,UC7c3Kb6jYCRj4JOHHZTxKsQ,Girls Who Code Graduation Salutation from GitHub
RZbqJxQJ5LY,2013-07-18,UC7c3Kb6jYCRj4JOHHZTxKsQ,Passion Projects (Live) 5: Jessica Hische (Procrastiworking)
q4c4NuOedXY,2013-07-03,UC7c3Kb6jYCRj4JOHHZTxKsQ,Passion Projects (Live) 4: Sara Chipps (Forgiveness)
ztaWfi0Aaqk,2013-06-10,UC7c3Kb6jYCRj4JOHHZTxKsQ,Passion Projects (Live) 3: Timoni West (UX and User Data)
hSm7zvVYgvM,2013-06-08,UC7c3Kb6jYCRj4JOHHZTxKsQ,Git Merge • HubTags (Lars Schneider)
4ZWqr6iih3s,2013-06-08,UC7c3Kb6jYCRj4JOHHZTxKsQ,Git Merge • Current status of libgit2 (Russell Belfer)
NmxZczuN7_8,2013-06-08,UC7c3Kb6jYCRj4JOHHZTxKsQ,Git Merge • Gapply.vim (Andrew Radev)
Zhl0PUKztvc,2013-06-08,UC7c3Kb6jYCRj4JOHHZTxKsQ,Git Merge • Gource (Tobias Preuss)
Dl416_yVqhU,2013-06-07,UC7c3Kb6jYCRj4JOHHZTxKsQ,Git Merge • The state of Teaching Git (Matthew McCullough)
ox3G_4rQrQQ,2013-06-07,UC7c3Kb6jYCRj4JOHHZTxKsQ,Git Merge • A description of libgit2 (Ben Straub)
z4DgbC1m8yE,2013-06-07,UC7c3Kb6jYCRj4JOHHZTxKsQ,Git Merge • Git integration with Intellij (Kirill Likhodedov)
5643CSFvgmY,2013-06-07,UC7c3Kb6jYCRj4JOHHZTxKsQ,Git Merge • Git in Team Foundation (Ed Thomson)
3MHVPW8Yn2w,2013-06-07,UC7c3Kb6jYCRj4JOHHZTxKsQ,Git Merge • GitHub Contributors (Sergio Gil)
b9IJjxDZXcg,2013-06-05,UC7c3Kb6jYCRj4JOHHZTxKsQ,Git Merge • Recursive Submodule Checkout (Jens Lehmann & Haiko Voigt)
CtIkm9Zy1iw,2013-06-05,UC7c3Kb6jYCRj4JOHHZTxKsQ,Git Merge • git bisect (Christian Couder)
FMZ2_-Ny_zc,2013-06-05,UC7c3Kb6jYCRj4JOHHZTxKsQ,Git Merge • git-imerge (Michael Haggerty)
tRh20KrM5Os,2013-06-05,UC7c3Kb6jYCRj4JOHHZTxKsQ,Git Merge • bfg-repo-cleaner (Roberto Tyley)
P28M9Q-vaWM,2013-06-05,UC7c3Kb6jYCRj4JOHHZTxKsQ,Git Merge •  BumpVersion & GeoCommit (Filip Noetzel)
y4J7_VoR9aM,2013-06-05,UC7c3Kb6jYCRj4JOHHZTxKsQ,Git Merge • git-trainer (Sergey Sergeyev)
xK5yaWTt0R0,2013-06-05,UC7c3Kb6jYCRj4JOHHZTxKsQ,Git Merge • Scaling Git at GitHub (Vicent Martí)
VUbJHWkAsQo,2013-06-05,UC7c3Kb6jYCRj4JOHHZTxKsQ,Git Merge • VersionEye (Robert Reiz)
dvWBct66Hcw,2013-06-05,UC7c3Kb6jYCRj4JOHHZTxKsQ,Git Merge • SubGit (Semyon Vadishev)
OfBwFkNaoUo,2013-06-05,UC7c3Kb6jYCRj4JOHHZTxKsQ,Git Merge • The Future of Pro Git (Scott Chacon)
2IPg886iSOU,2013-06-05,UC7c3Kb6jYCRj4JOHHZTxKsQ,Git Merge • hub (Mislav Marohnić)
-qql1Ess7qM,2013-05-23,UC7c3Kb6jYCRj4JOHHZTxKsQ,Git Merge • German Law on GitHub (Stefan Wehrmeyer)
7riCX4Oxms8,2013-05-23,UC7c3Kb6jYCRj4JOHHZTxKsQ,Git Merge • Git in VisualStudio (Martin Woodward)
nmSFRKfFMak,2013-05-23,UC7c3Kb6jYCRj4JOHHZTxKsQ,Git Merge • ShowInGitHub XCode Plugin (Lars Schneider)
XP4CxUkBPSQ,2013-05-23,UC7c3Kb6jYCRj4JOHHZTxKsQ,Git Merge • Google Summer of Code (Git Core Team)
uZqXc1E91mE,2013-05-05,UC7c3Kb6jYCRj4JOHHZTxKsQ,Passion Projects (Live) 2: Heather Arthur (Machine Learning)
rMYUGwQGLn8,2013-03-28,UC7c3Kb6jYCRj4JOHHZTxKsQ,Passion Projects (Live) 1: Rachel Myers (RailsBridge)
bgmwnfYtR5c,2013-03-20,UC7c3Kb6jYCRj4JOHHZTxKsQ,GitHub OctoTales • jQuery
